res,is_outlier
811.779100390625,True
168.9718417968752,False
2.8706503906250873,False
149.37382148437518,False
